{
    "accuracy": [
        0.6254746317863464,
        0.8332757949829102,
        0.8650327920913696,
        0.8909216523170471,
        0.8943734765052795,
        0.9026579260826111,
        0.9128984212875366,
        0.9132435917854309,
        0.9166954159736633,
        0.9238292574882507,
        0.9232539534568787,
        0.924174427986145,
        0.9276262521743774,
        0.9264756441116333,
        0.9269359111785889,
        0.9310781359672546,
        0.9322287440299988,
        0.9283166527748108,
        0.931998610496521,
        0.9395926594734192,
        0.946266233921051,
        0.9500632882118225,
        0.949948251247406,
        0.9530549049377441,
        0.9555862545967102,
        0.9523645043373108,
        0.9570820331573486,
        0.9565067291259766,
        0.958002507686615,
        0.9571971297264099,
        0.9598435163497925,
        0.9631803035736084,
        0.959958553314209,
        0.963640570640564,
        0.9641007781028748,
        0.9629501700401306,
        0.9631803035736084,
        0.962259829044342,
        0.9650213122367859,
        0.9664020538330078,
        0.9643309116363525,
        0.9646760821342468,
        0.9667472243309021,
        0.9680128693580627,
        0.9653664827346802,
        0.969508707523346,
        0.965826690196991,
        0.965596616268158,
        0.9659417867660522,
        0.9650213122367859,
        0.9631803035736084,
        0.965826690196991,
        0.9687032699584961,
        0.9649062156677246,
        0.963640570640564,
        0.9665170907974243,
        0.9685881733894348,
        0.96617192029953,
        0.965596616268158,
        0.967782735824585,
        0.9666321277618408,
        0.9644460082054138
    ],
    "loss": [
        1.5109500885009766,
        0.5902425050735474,
        0.4541724622249603,
        0.3712886869907379,
        0.33181580901145935,
        0.32398876547813416,
        0.2893623411655426,
        0.26512959599494934,
        0.260908842086792,
        0.24430015683174133,
        0.23019222915172577,
        0.2422078400850296,
        0.22709062695503235,
        0.2296832948923111,
        0.23274429142475128,
        0.20854274928569794,
        0.21947075426578522,
        0.22308003902435303,
        0.2046501785516739,
        0.195914626121521,
        0.16944575309753418,
        0.15607035160064697,
        0.16148653626441956,
        0.13893650472164154,
        0.12898807227611542,
        0.14570483565330505,
        0.12919214367866516,
        0.1303032487630844,
        0.12465003877878189,
        0.12409273535013199,
        0.11618466675281525,
        0.11279971897602081,
        0.1111559122800827,
        0.10357830673456192,
        0.10845724493265152,
        0.10969570279121399,
        0.10649823397397995,
        0.1103421300649643,
        0.09865861386060715,
        0.09686323255300522,
        0.10330552607774734,
        0.10635450482368469,
        0.098096564412117,
        0.0932888388633728,
        0.0974966362118721,
        0.08764693886041641,
        0.09403596818447113,
        0.09657991677522659,
        0.0952739268541336,
        0.09364887326955795,
        0.10407347977161407,
        0.10196354240179062,
        0.10298313945531845,
        0.09363961219787598,
        0.09521930664777756,
        0.09758064150810242,
        0.0914648026227951,
        0.09879665076732635,
        0.09196240454912186,
        0.08832883089780807,
        0.09466904401779175,
        0.09681107848882675
    ],
    "top_3_accuracy": [
        0.803589940071106,
        0.9546657204627991,
        0.969508707523346,
        0.9745714068412781,
        0.9812449812889099,
        0.9796341061592102,
        0.9838913679122925,
        0.9845817685127258,
        0.9856172800064087,
        0.9874582886695862,
        0.9874582886695862,
        0.9865378141403198,
        0.9901047348976135,
        0.9890691637992859,
        0.9892992973327637,
        0.9894143342971802,
        0.9905649423599243,
        0.989644467830658,
        0.9919456839561462,
        0.9918306469917297,
        0.9932113885879517,
        0.9940168261528015,
        0.9937866926193237,
        0.9942469000816345,
        0.9937866926193237,
        0.9943619966506958,
        0.996087908744812,
        0.9952824711799622,
        0.9944770336151123,
        0.9949373006820679,
        0.9962029457092285,
        0.9945921301841736,
        0.9963180422782898,
        0.9968933463096619,
        0.9965481758117676,
        0.9958577752113342,
        0.9967782497406006,
        0.9967782497406006,
        0.9967782497406006,
        0.9966632127761841,
        0.9970083832740784,
        0.9979289174079895,
        0.9970083832740784,
        0.9978138208389282,
        0.9971234798431396,
        0.9968933463096619,
        0.9964330792427063,
        0.9974686503410339,
        0.9970083832740784,
        0.9972385168075562,
        0.9957427382469177,
        0.9968933463096619,
        0.9966632127761841,
        0.9962029457092285,
        0.9959728717803955,
        0.9970083832740784,
        0.996087908744812,
        0.9965481758117676,
        0.9974686503410339,
        0.9968933463096619,
        0.9971234798431396,
        0.9950523376464844
    ],
    "val_accuracy": [
        0.8535681366920471,
        0.8999073505401611,
        0.9277108311653137,
        0.9295644164085388,
        0.9332715272903442,
        0.9439295530319214,
        0.937905490398407,
        0.9434661865234375,
        0.942539393901825,
        0.9481000900268555,
        0.9481000900268555,
        0.9439295530319214,
        0.9499536752700806,
        0.9499536752700806,
        0.949026882648468,
        0.9499536752700806,
        0.9504170417785645,
        0.9457831382751465,
        0.9499536752700806,
        0.955977737903595,
        0.958294689655304,
        0.9610750675201416,
        0.9606117010116577,
        0.9615384340286255,
        0.9615384340286255,
        0.9629286527633667,
        0.9652456045150757,
        0.9657089710235596,
        0.9666357636451721,
        0.9657089710235596,
        0.9666357636451721,
        0.9670991897583008,
        0.9675625562667847,
        0.9694161415100098,
        0.9684893488883972,
        0.9680259227752686,
        0.9698795080184937,
        0.9694161415100098,
        0.9684893488883972,
        0.9680259227752686,
        0.9684893488883972,
        0.9680259227752686,
        0.9694161415100098,
        0.9684893488883972,
        0.9698795080184937,
        0.9689527153968811,
        0.9698795080184937,
        0.9703429341316223,
        0.9698795080184937,
        0.9698795080184937,
        0.9698795080184937,
        0.9689527153968811,
        0.9694161415100098,
        0.9694161415100098,
        0.9703429341316223,
        0.9698795080184937,
        0.9698795080184937,
        0.9694161415100098,
        0.9689527153968811,
        0.9698795080184937,
        0.9703429341316223,
        0.9703429341316223
    ],